ID,Year_Birth,Marital_Status,Income,Kidhome,Teenhome,Recency,MntWines,MntFruits,MntMeatProducts,MntFishProducts,MntSweetProducts,MntGoldProds,NumDealsPurchases,NumWebPurchases,NumCatalogPurchases,NumStorePurchases,NumWebVisitsMonth,Age,Family_size,Total_Spend,Total_Purchases
2174,1954,3,46344,1,1,38,11,1,6,2,1,6,2,1,1,2,5,71,3,27,6
6182,1984,4,26646,1,0,26,11,4,20,10,3,5,2,2,0,4,6,41,3,53,8
6177,1985,2,33454,1,0,32,76,10,56,3,1,23,2,4,0,4,8,40,3,169,10
4855,1974,4,30351,1,0,19,14,0,24,3,3,2,1,3,0,2,9,51,3,46,6
387,1976,2,7500,0,0,59,6,16,11,11,1,16,1,2,0,3,8,49,2,61,6
2569,1987,2,17323,0,0,38,3,14,17,6,1,5,1,1,0,3,8,38,2,46,5
9736,1980,2,41850,1,1,51,53,5,19,2,13,4,3,3,0,3,8,45,4,96,9
2278,1985,3,33812,1,0,86,4,17,19,30,24,39,2,2,1,3,6,40,2,133,8
7892,1969,3,18589,0,0,89,6,4,25,15,12,13,2,2,1,3,7,56,1,75,8
9422,1989,2,38360,1,0,26,36,2,42,20,21,10,2,2,1,4,3,36,3,131,9
6864,1989,1,10979,0,0,34,8,4,10,2,2,4,2,3,0,3,5,36,1,30,8
5710,1970,4,40548,0,1,31,110,0,5,2,0,3,2,2,1,4,5,55,3,120,9
10738,1951,3,49389,1,1,55,40,0,19,2,1,3,1,2,0,3,7,74,3,65,6
10755,1976,2,23718,1,0,76,6,3,14,15,7,36,3,3,1,2,7,49,3,81,9
8595,1973,5,42429,0,1,99,55,0,6,2,0,4,2,1,1,3,5,52,2,67,7
503,1985,2,20559,1,0,88,13,1,29,3,0,7,2,2,0,3,8,40,3,53,7
8430,1957,4,21994,0,1,4,9,0,6,3,1,3,1,0,0,3,5,68,3,22,4
2139,1975,2,7500,1,0,19,3,1,10,3,2,12,3,2,0,3,5,50,3,31,8
9909,1996,2,7500,0,0,24,3,18,14,15,22,50,3,3,1,3,9,29,2,122,10
7286,1968,4,41728,1,0,92,13,6,15,3,5,13,1,2,0,2,10,57,3,55,5
1331,1977,3,35790,1,0,54,12,6,20,30,1,3,2,2,0,3,7,48,2,72,7
7437,1988,3,27938,1,0,31,13,0,8,2,1,5,1,1,0,4,3,37,2,29,6
8082,1971,2,25721,1,0,75,1,3,6,3,6,15,1,1,1,2,7,54,3,34,5
1386,1967,4,32474,1,1,0,10,0,1,0,0,0,1,1,0,2,7,58,4,11,4
1050,1952,2,28332,0,0,58,14,10,13,4,15,9,1,2,1,4,2,73,2,65,8
5846,1977,1,40246,1,0,68,2,1,6,2,1,1,1,1,0,2,6,48,2,13,4
10401,1976,4,26326,0,0,12,1,0,5,0,3,9,1,0,0,3,3,49,2,18,4
3332,1985,3,29760,1,0,87,64,4,68,7,5,17,4,3,1,4,8,40,2,165,12
2261,1969,2,26304,1,0,5,4,1,5,2,0,4,1,1,0,2,7,56,3,16,4
5346,1973,2,23559,1,0,87,25,5,19,7,0,23,3,3,0,3,7,52,3,79,9
5268,1960,2,29440,1,1,95,17,8,14,10,4,3,2,1,0,4,7,65,4,56,7
273,1970,2,36138,1,1,48,130,0,16,0,0,5,5,3,1,4,7,55,4,151,13
771,1967,4,54178,0,1,79,135,9,39,4,0,7,1,2,2,5,2,58,3,194,10
11178,1972,3,42394,1,0,69,15,2,10,0,1,4,1,1,0,3,7,53,2,32,5
2230,1970,2,23626,1,0,84,27,2,14,0,0,0,3,3,1,3,5,55,3,43,10
7516,1983,2,30096,1,0,30,5,3,11,12,5,9,1,2,0,3,6,42,3,45,6
11100,1972,1,51813,1,1,37,51,2,7,0,1,2,2,2,0,3,7,53,3,63,7
1473,1960,3,47823,0,1,0,53,1,5,2,1,10,2,2,0,3,8,65,2,72,7
1016,1959,3,34554,0,1,43,41,1,6,2,0,5,2,2,0,3,6,66,2,55,7
8373,1979,4,24594,1,0,94,1,3,6,10,0,9,1,1,0,3,5,46,3,29,5
7533,1964,2,49096,1,1,15,144,1,32,2,1,7,4,4,1,4,7,61,4,187,13
3629,1978,3,38557,1,0,17,76,3,31,4,4,27,2,3,1,3,7,47,2,145,9
2286,1962,3,50785,1,1,27,64,1,21,0,1,27,2,2,1,3,6,63,3,114,8
5234,1967,4,30753,1,1,85,12,5,25,0,9,30,2,1,1,3,5,58,4,81,7
9862,1969,4,21918,1,0,37,1,6,7,11,5,3,2,2,0,3,6,56,3,33,7
6205,1967,3,32557,1,0,13,34,3,29,0,4,10,3,2,1,3,5,58,2,80,9
8442,1985,2,19510,2,0,63,9,0,7,3,4,7,2,1,0,3,7,40,4,30,6
7386,1976,1,30992,1,0,83,17,0,14,7,3,2,1,1,0,3,7,49,2,43,5
3381,1953,2,54348,1,1,51,70,0,16,0,0,4,2,2,0,4,6,72,4,90,8
5342,1976,1,9548,1,0,31,0,1,3,10,6,9,2,1,0,3,8,49,2,29,6
7660,1973,0,35860,1,1,37,15,0,8,4,2,20,2,1,1,2,5,52,3,49,6
1461,1965,1,36921,1,1,74,17,1,12,3,1,4,2,2,0,3,7,60,3,38,7
10837,1975,2,23957,1,0,47,2,1,18,20,11,16,1,2,0,3,6,50,3,68,6
3120,1981,4,38547,1,0,49,6,1,10,0,1,4,1,1,0,2,8,44,3,22,4
4050,1966,2,49605,0,0,65,42,16,29,12,20,8,1,2,1,4,3,59,2,127,8
92,1988,0,34176,1,0,12,5,7,24,19,14,20,4,3,0,4,6,37,2,89,11
9283,1978,3,60199,1,2,49,8,1,7,2,0,0,1,0,0,3,4,47,4,18,4
2795,1958,3,30523,2,1,0,5,0,3,0,0,5,1,1,0,2,7,67,4,13,4
8182,1984,2,23228,1,0,91,53,3,49,7,4,5,4,3,0,4,8,41,3,121,11
3152,1957,4,26091,1,1,84,15,10,19,8,17,20,3,2,1,3,5,68,4,89,9
5610,1965,4,33456,1,1,58,7,3,10,8,1,7,2,1,0,3,7,60,4,36,6
6460,1982,2,28718,1,0,78,12,4,6,11,8,16,2,2,0,3,8,43,3,57,7
1349,1970,2,50447,2,0,4,85,7,24,2,3,27,1,3,1,3,6,55,4,148,8
1880,1959,4,53537,1,1,17,81,0,6,0,0,6,2,2,1,3,5,66,4,93,8
641,1967,3,52074,0,1,77,59,0,12,0,0,48,1,2,2,2,4,58,2,119,7
10854,1970,2,38853,1,1,90,29,0,14,0,0,2,2,2,0,3,7,55,4,45,7
7698,1976,2,51650,0,1,81,152,3,22,2,5,7,1,4,1,4,5,49,3,191,10
3559,1988,2,16248,1,0,77,12,11,10,3,12,9,3,2,1,3,6,37,3,57,9
10796,1984,2,30477,1,0,16,47,1,6,0,0,12,1,1,1,3,6,41,3,66,6
2563,1961,2,28249,0,0,80,1,9,7,2,14,10,1,2,0,3,6,64,2,43,6
3518,1983,2,25271,1,0,45,10,1,18,10,4,7,1,1,1,2,9,42,3,50,5
5823,1970,3,32303,0,1,63,35,0,2,0,0,2,2,1,0,4,5,55,2,39,7
6431,1964,2,45759,1,1,13,42,1,18,3,0,4,2,2,0,3,7,61,4,68,7
9733,1978,4,24882,1,0,52,1,4,10,29,0,36,1,1,1,2,6,47,3,80,5
1324,1988,2,38872,1,0,93,23,3,21,3,19,22,2,3,0,3,8,37,3,91,8
7224,1977,2,31353,1,1,24,10,0,10,3,1,7,2,1,1,2,8,48,4,31,6
1030,1965,3,40637,1,1,72,22,0,13,0,0,3,2,1,0,3,7,60,3,38,6
624,1984,3,18890,0,0,5,6,4,1,7,2,15,1,0,1,2,6,41,1,35,4
5176,1988,4,29604,1,0,88,7,6,13,7,6,14,1,1,0,3,9,37,3,53,5
868,1966,2,44794,0,1,99,54,0,7,0,0,4,1,2,0,3,6,59,3,65,6
7264,1978,3,52195,2,1,2,12,0,4,0,0,1,1,1,0,2,8,47,4,17,4
1755,1988,4,45204,1,0,93,30,11,25,29,1,18,1,1,1,4,3,37,3,114,7
9076,1980,2,30732,1,0,44,155,1,25,0,1,3,4,4,1,4,8,45,3,185,13
4653,1978,4,42011,1,0,46,131,0,16,2,1,39,4,3,1,4,8,47,3,189,12
3726,1986,4,34320,1,0,66,4,1,9,3,0,0,1,1,0,2,8,39,3,17,4
1606,1971,4,38590,1,0,65,3,1,8,4,3,3,1,1,0,2,8,54,3,22,4
9617,1951,3,15033,0,0,37,0,4,5,6,0,4,1,1,0,3,3,74,1,19,5
89,1975,2,22212,1,0,49,5,9,20,6,8,21,2,2,0,4,6,50,3,69,8
2936,1982,4,23661,1,0,46,18,0,4,0,0,1,1,1,0,3,7,43,3,23,5
7297,1973,3,7500,1,0,54,5,3,10,12,7,20,4,3,1,3,7,52,2,57,11
10735,1971,3,22804,1,0,75,14,1,7,2,1,1,1,2,0,2,9,54,2,26,5
7411,1964,2,31686,1,1,31,11,0,5,0,0,1,2,1,0,3,6,61,4,17,6
10236,1975,3,31160,1,0,59,16,3,25,6,1,13,2,2,0,3,8,50,2,64,7
6340,1985,3,29938,1,0,52,3,3,7,0,2,11,2,1,0,3,6,40,2,26,6
2227,1958,4,26490,0,0,92,45,47,52,21,20,25,2,3,1,5,6,67,2,210,11
5304,1974,3,30899,1,0,35,24,0,8,0,0,1,2,1,0,3,6,51,2,33,6
2661,1964,3,18701,1,1,95,12,4,2,10,6,10,4,2,0,4,5,61,3,44,10
3153,1957,3,40737,2,1,24,11,0,4,0,0,2,1,1,0,2,8,68,4,17,4
10264,1979,1,15287,1,0,60,1,2,8,4,3,13,2,1,1,2,7,46,2,31,6
9396,1978,2,37717,1,0,31,9,0,6,4,1,5,1,1,0,2,9,47,3,25,4
6690,1966,2,38179,1,1,30,38,4,22,4,2,20,4,3,1,3,7,59,4,90,11
9703,1970,2,38097,1,1,70,77,2,35,0,1,69,4,3,2,2,7,55,4,184,11
4557,1970,4,22070,1,0,11,10,7,19,8,2,21,2,2,2,2,6,55,3,67,8
5726,1983,3,31788,1,0,15,16,7,23,0,8,6,3,3,0,4,5,42,2,60,10
3066,1975,4,61905,0,1,2,167,0,43,6,2,13,2,4,2,4,5,50,3,231,12
6336,1960,2,29315,1,1,55,13,2,14,8,7,4,4,2,0,4,6,65,4,48,10
10967,1963,1,33378,1,1,38,33,6,40,3,7,10,3,2,0,4,7,62,3,99,9
4669,1981,2,24480,1,0,46,4,19,9,28,25,17,3,3,0,4,7,44,3,102,10
8962,1975,2,44319,1,1,18,26,0,8,0,0,3,2,2,0,3,5,50,4,37,7
9974,1974,2,30631,1,0,75,15,6,20,4,5,20,1,3,1,2,7,51,3,70,7
9262,1984,4,32414,0,0,11,20,6,5,0,9,12,1,1,0,3,7,41,2,52,5
7254,1969,4,38361,1,0,74,39,0,56,20,8,14,3,3,1,3,7,56,3,137,10
4927,1971,4,16626,2,0,76,8,3,22,21,1,13,3,3,0,3,9,54,4,68,9
10451,1965,4,29672,1,1,6,9,1,3,0,4,8,1,0,0,3,6,60,4,25,4
2874,1988,1,35388,1,0,20,6,4,7,4,3,8,1,1,0,3,7,37,2,32,5
9738,1986,4,42386,1,0,43,65,4,16,0,4,11,1,3,0,3,8,39,3,100,7
5827,1958,1,35246,1,1,53,36,0,12,2,2,10,4,3,1,3,5,67,3,62,11
10812,1978,2,46377,1,0,89,37,0,46,4,3,0,1,2,1,3,4,47,3,90,7
9491,1984,4,23976,1,0,68,14,1,21,2,3,25,3,3,1,3,7,41,3,66,10
6609,1966,5,27038,0,0,64,1,26,25,17,23,15,1,3,0,3,9,59,1,107,7
1379,1992,4,42670,0,0,12,154,2,46,20,4,15,1,4,2,4,4,33,2,241,11
10032,1976,1,12571,1,0,86,3,5,14,2,12,17,4,3,1,3,6,49,2,53,11
231,1956,4,28839,1,1,86,24,0,7,0,0,1,2,2,0,3,5,69,4,32,7
2392,1972,2,40321,1,1,59,44,4,21,6,0,27,2,3,0,3,7,53,4,102,8
113,1951,2,30833,1,1,33,11,0,7,3,1,6,2,1,0,3,5,74,4,28,6
520,1974,2,34421,1,0,81,3,3,7,6,2,9,1,1,0,2,7,51,3,30,4
8275,1965,1,47025,1,1,6,16,0,3,0,0,1,1,1,0,2,7,60,3,20,4
5835,1976,1,14849,1,0,39,21,2,28,3,2,9,3,2,0,4,8,49,2,65,9
3896,1984,2,27255,1,0,3,22,1,11,0,1,2,1,1,0,3,7,41,3,37,5
7786,1986,3,29999,1,0,22,68,7,59,10,5,11,4,3,1,4,8,39,2,160,12
2861,1983,3,24072,1,0,79,9,1,6,3,0,4,1,1,0,2,8,42,2,23,4
663,1989,3,33996,0,0,46,40,2,15,8,0,6,1,1,1,3,4,36,1,71,6
2521,1971,2,35178,1,0,10,23,1,13,2,2,18,1,1,1,2,7,54,3,59,5
9592,1983,4,22010,1,0,51,11,2,9,3,0,8,2,2,0,3,8,42,3,33,7
4099,1972,2,30675,1,0,14,10,2,16,11,2,21,1,1,0,3,8,53,3,62,5
11191,1986,1,41411,0,0,11,37,32,38,11,3,18,1,2,1,4,6,39,1,139,8
8234,1973,4,27190,1,0,13,1,6,7,0,1,3,1,1,0,2,8,52,3,18,4
8553,1965,2,44300,1,1,65,30,0,9,0,0,3,2,1,0,3,6,60,4,42,6
8842,1971,5,30372,1,1,33,15,0,12,7,3,7,3,2,0,3,7,54,3,44,8
11030,1976,2,33181,1,0,90,9,0,3,0,0,4,1,1,0,2,6,49,3,16,4
6201,1978,3,38643,1,1,45,22,2,14,0,1,10,2,2,0,3,7,47,3,49,7
2061,1955,2,50737,0,1,61,78,0,11,0,0,10,1,2,0,4,6,70,3,99,7
2958,1978,2,28442,2,0,53,19,3,10,11,8,6,3,2,1,4,4,47,4,57,10
933,1978,2,37717,1,0,31,9,0,6,4,1,5,1,1,0,2,9,47,3,25,4
4432,1976,1,31615,1,0,82,2,3,20,6,11,9,2,2,0,3,7,49,2,51,7
5680,1984,2,35684,1,0,66,10,4,7,0,6,3,1,1,0,3,6,41,3,30,5
2557,1970,3,29548,1,0,52,7,1,6,3,1,11,1,1,1,2,4,55,2,29,5
1519,1972,3,38578,1,1,2,38,4,22,3,3,3,3,3,0,3,8,53,3,73,9
10703,1975,3,46098,1,1,86,57,0,27,0,0,36,4,3,2,2,8,50,3,120,11
1726,1970,3,22585,0,0,23,3,9,15,13,2,39,1,1,1,2,9,55,1,81,5
4459,1989,3,30279,1,0,13,10,4,14,4,4,1,1,1,0,3,8,36,2,37,5
1517,1969,3,30822,1,0,92,3,9,13,2,12,12,1,1,0,3,7,56,2,51,5
2098,1969,2,33581,2,0,38,11,0,5,0,0,1,1,1,0,2,8,56,4,17,4
9543,1985,2,19986,1,0,74,3,6,5,0,2,6,1,0,0,3,7,40,3,22,4
2724,1981,3,36143,1,0,33,12,0,1,0,0,6,1,0,1,2,3,44,2,19,4
948,1971,3,10245,1,0,32,4,7,7,6,4,13,3,1,2,2,5,54,2,41,8
2066,1949,4,38823,0,1,56,70,0,11,2,8,23,1,2,1,3,6,76,3,114,7
455,1946,2,51012,0,0,86,102,9,63,2,9,24,1,4,1,4,6,79,2,209,10
7414,1971,2,43824,1,1,18,96,1,42,12,3,32,4,3,1,4,8,54,4,186,12
6354,1984,4,15345,1,0,51,5,2,16,3,2,19,2,1,1,2,8,41,3,47,6
798,1987,3,23442,1,0,71,2,0,6,8,6,5,1,1,0,3,7,38,2,27,5
2488,1956,1,31395,1,1,80,23,1,25,0,8,7,4,2,1,3,6,69,3,64,10
7617,1974,3,42373,1,1,83,67,5,61,3,8,19,5,2,1,5,5,51,3,163,13
194,1965,2,48006,1,1,55,23,0,11,3,2,2,1,1,0,3,6,60,4,41,5
3645,1972,3,27213,1,0,19,19,3,26,10,9,3,3,2,0,4,8,53,2,70,9
5049,1974,4,30351,1,0,19,14,0,24,3,3,2,1,3,0,2,9,51,3,46,6
7301,1982,3,23616,1,0,76,4,22,11,3,7,32,2,3,0,3,8,43,2,79,8
6504,1975,4,19789,1,0,24,2,5,9,28,6,28,3,2,1,3,5,50,3,78,9
5929,1973,2,37401,1,0,14,19,3,19,3,1,3,2,2,0,3,7,52,3,48,7
3129,1983,2,30096,1,0,30,5,3,11,12,5,9,1,2,0,3,6,42,3,45,6
6528,1982,4,18492,1,0,75,2,2,2,2,1,1,1,1,0,2,8,43,3,10,4
5987,1989,4,10404,1,0,52,2,2,11,10,6,12,2,1,0,4,5,36,3,43,7
498,1970,3,30015,1,0,28,25,0,22,2,3,5,2,1,0,4,5,55,2,57,7
9347,1956,4,50943,0,1,49,31,0,7,2,0,6,1,1,0,3,5,69,3,46,5
5455,1971,2,32011,1,0,89,99,0,15,2,1,5,3,2,1,4,7,54,3,122,10
456,1986,2,7500,1,0,96,1,11,5,4,6,9,2,2,0,3,8,39,3,36,7
5012,1989,2,28691,1,0,56,5,4,13,8,0,4,1,1,0,3,8,36,3,34,5
7495,1948,2,56223,0,1,72,77,28,31,16,0,4,2,2,1,5,4,77,3,156,10
5029,1946,2,18100,0,0,14,3,1,2,4,3,1,1,0,0,3,5,79,2,14,4
10642,1989,3,30279,1,0,13,10,4,14,4,4,1,1,1,0,3,8,36,2,37,5
2106,1974,2,20130,0,0,99,0,6,3,7,6,12,1,1,0,3,8,51,2,34,5
10364,1959,1,23295,0,0,72,0,0,1,2,12,5,1,1,0,2,8,66,1,20,4
5954,1972,1,42618,1,0,92,76,14,74,13,5,10,2,5,0,4,8,53,2,192,11
2541,1976,2,24027,1,0,7,14,7,11,11,0,5,2,2,0,3,8,49,3,48,7
6471,1971,3,36230,1,0,17,14,2,30,8,2,3,1,2,0,4,5,54,2,59,7
8594,1958,5,50520,0,1,25,112,0,6,2,1,14,2,3,1,3,6,67,2,135,9
2815,1975,2,33183,1,0,46,7,5,39,17,15,37,2,4,0,3,7,50,3,120,9
9213,1970,5,31880,1,0,13,4,1,5,2,0,3,1,1,0,2,8,55,2,15,4
1581,1980,2,37406,1,0,18,2,0,8,2,2,3,1,1,0,2,8,45,3,17,4
6619,1978,2,38415,1,1,91,22,1,13,4,0,4,2,1,0,3,7,47,4,44,6
9081,1988,3,20518,1,0,58,4,1,6,4,1,9,1,1,1,2,5,37,2,25,5
916,1972,3,41644,1,1,67,20,3,4,2,0,2,2,1,0,3,3,53,3,31,6
5300,1973,2,38961,1,0,60,19,7,19,0,1,24,1,2,1,2,7,52,3,70,6
5154,1972,1,37760,1,0,54,26,3,13,2,10,0,1,2,0,3,6,53,2,54,6
3436,1969,2,14045,1,0,24,11,0,5,2,1,1,1,1,0,3,7,56,3,20,5
8737,1978,1,55563,0,1,22,29,1,9,2,0,2,1,2,0,3,3,47,2,43,6
9135,1950,4,27203,1,1,92,13,2,21,4,0,24,2,1,1,2,8,75,4,64,6
10623,1961,4,48330,0,1,2,28,0,4,0,0,0,1,1,0,3,5,64,3,32,5
10160,1956,4,50943,0,1,49,31,0,7,2,0,6,1,1,0,3,5,69,3,46,5
3386,1992,2,34935,0,0,71,34,4,66,3,10,20,1,2,1,4,7,33,2,137,8
9925,1981,4,39665,1,0,97,127,1,56,0,1,31,3,4,2,3,7,44,3,216,12
11025,1961,2,36443,1,1,9,65,0,46,4,3,20,4,3,1,3,8,64,4,138,11
10203,1990,3,26095,1,0,77,11,7,9,3,1,11,1,1,0,3,7,35,2,42,5
3696,1965,1,30630,1,1,67,27,1,12,2,0,10,2,2,0,3,7,60,3,52,7
2258,1986,2,32880,1,0,76,8,4,15,7,6,2,1,1,0,3,8,39,3,42,5
8724,1982,3,28567,1,0,57,11,3,22,2,2,6,2,2,0,3,6,43,2,46,7
1991,1967,4,44931,0,1,0,78,0,11,0,0,7,1,2,1,3,5,58,3,96,7
304,1981,3,22944,1,0,67,19,3,19,4,5,26,3,3,0,3,7,44,2,76,9
3665,1977,4,25315,1,0,46,1,9,8,11,3,22,3,3,0,3,8,48,3,54,9
10591,1969,5,43638,0,1,37,63,10,83,7,19,19,2,4,1,4,7,56,2,201,11
8541,1990,2,24683,1,0,98,8,4,10,6,7,6,2,2,0,4,5,35,3,41,8
4368,1980,2,47850,1,0,72,42,7,43,20,12,10,1,3,0,4,6,45,3,134,8
9671,1968,2,19514,1,1,47,14,3,21,2,1,28,4,3,1,2,8,57,4,69,10
2256,1973,2,27159,1,1,33,17,0,3,0,0,1,2,1,0,3,6,52,4,21,6
4279,1963,3,39548,1,1,87,15,4,10,3,4,18,2,1,1,3,3,62,3,54,7
5371,1989,3,21474,1,0,0,6,16,24,11,0,34,2,3,1,2,7,36,2,91,8
9460,1963,2,22419,0,0,74,30,3,47,19,21,42,1,3,2,2,8,62,2,162,8
8420,1970,2,15315,0,0,27,7,4,13,15,8,17,2,2,0,4,5,55,2,64,8
7685,1978,2,33039,1,0,4,30,8,12,8,8,12,1,2,0,4,5,47,3,78,7
891,1951,4,29298,1,1,60,6,0,2,2,0,1,1,1,0,2,5,74,4,11,4
10381,1979,3,47691,0,1,43,14,0,3,0,0,4,1,1,0,2,6,46,2,21,4
3525,1970,4,38200,1,1,19,12,0,4,0,0,1,1,1,0,2,7,55,4,17,4
3526,1968,2,38443,1,1,58,32,0,5,0,0,1,2,1,0,3,7,57,4,38,6
8181,1978,3,38593,1,0,42,51,12,49,17,24,24,3,4,1,3,8,47,2,177,11
7369,1981,2,36959,1,0,56,25,6,25,6,0,0,2,2,0,3,8,44,3,62,7
8159,1968,2,51287,1,1,10,117,0,22,13,0,30,3,4,1,3,7,57,4,182,11
1160,1970,2,13260,1,1,48,9,4,17,10,2,7,4,3,0,3,8,55,4,49,10
10242,1966,4,47472,1,1,39,56,0,11,0,0,8,2,2,0,4,5,59,4,75,8
5081,1967,4,47821,1,1,54,9,0,16,6,6,10,1,1,0,3,8,58,4,47,5
5123,1951,2,27450,0,0,57,37,12,23,8,11,52,1,2,1,3,7,74,2,143,7
5756,1983,4,39453,1,0,64,46,0,7,0,0,2,2,2,0,3,6,42,3,55,7
8036,1971,4,26850,1,1,10,31,1,13,7,2,9,4,2,1,4,4,54,4,63,11
4179,1959,4,24221,0,0,94,8,9,9,2,5,22,1,1,1,3,4,66,2,55,6
3710,1984,3,39684,1,0,41,19,0,35,6,4,17,2,2,1,2,7,41,2,81,7
6424,1977,4,33178,1,0,9,12,6,2,11,2,16,1,1,0,3,4,48,3,49,5
4992,1975,4,17459,1,0,12,6,4,16,3,10,30,3,3,1,2,7,50,3,69,9
5252,1969,1,23910,1,0,80,16,12,18,7,1,13,1,2,0,3,7,56,2,67,6
7444,1969,2,42169,1,1,20,19,0,9,0,0,2,2,1,0,3,8,56,4,30,6
6919,1978,2,26224,1,0,39,4,7,15,13,9,15,3,2,1,3,6,47,3,63,9
3537,1981,4,31089,1,0,57,31,3,31,2,8,4,3,3,0,4,8,44,3,79,10
10277,1961,3,30081,0,1,27,36,0,2,0,0,4,1,1,0,3,7,64,2,42,5
1177,1966,4,49618,1,1,77,80,3,26,4,2,14,4,3,1,3,7,59,4,129,11
7141,1986,3,21888,1,0,15,88,10,46,2,3,64,4,5,1,2,10,39,2,213,12
7232,1973,5,42429,0,1,99,55,0,6,2,0,4,2,1,1,3,5,52,2,67,7
8477,1956,1,26150,2,1,61,5,1,13,3,5,1,1,1,0,3,7,69,4,28,5
2457,1975,2,30801,0,1,23,8,4,5,15,2,11,2,1,0,3,7,50,3,45,6
6682,1973,2,18978,1,0,41,2,8,1,4,7,15,1,1,0,3,8,52,3,37,5
8953,1965,3,35791,2,1,94,27,0,5,0,0,3,2,1,0,3,8,60,4,35,6
8650,1978,5,54162,1,1,31,5,6,10,6,5,10,1,1,0,3,4,47,3,42,5
6941,1971,3,31632,0,0,92,17,8,12,11,15,32,1,2,1,2,7,54,1,95,6
10708,1978,3,36975,1,0,50,10,6,11,0,4,2,1,1,0,3,7,47,2,33,5
3641,1976,2,13624,1,0,93,10,2,15,2,1,6,2,2,0,3,6,49,3,36,7
3469,1977,1,34487,1,1,94,19,18,33,24,1,8,3,3,0,3,9,48,3,103,9
5063,1977,3,28769,1,0,76,41,5,129,10,3,3,3,4,1,4,9,48,2,191,12
4376,1960,3,32218,0,0,27,10,24,15,13,1,30,1,2,1,3,7,65,1,93,7
8461,1962,1,46102,2,1,3,14,0,1,0,0,1,1,1,0,2,7,63,4,16,4
6728,1985,4,29103,1,0,38,16,0,17,6,3,6,2,1,0,3,9,40,3,48,6
4725,1950,4,50616,0,1,71,30,2,25,0,1,9,1,1,1,4,2,75,3,67,7
2564,1953,4,61278,0,1,87,111,3,28,2,6,15,2,3,1,4,6,72,3,165,10
946,1958,4,26490,0,0,92,45,47,52,21,20,25,2,3,1,5,6,67,2,210,11
7093,1985,2,19986,1,0,74,3,6,5,0,2,6,1,0,0,3,7,40,3,22,4
1777,1980,2,25965,0,0,29,2,2,11,41,7,11,1,2,0,3,8,45,2,74,6
8162,1956,4,14661,0,0,88,4,1,11,6,2,2,1,1,0,3,6,69,2,26,5
10826,1959,2,18690,0,0,77,6,1,7,23,4,19,1,1,1,2,8,66,2,60,5
8754,1974,4,45068,0,1,25,14,0,3,0,0,3,1,1,0,2,7,51,3,20,4
1987,1987,3,21063,1,0,34,1,10,11,19,3,15,2,2,0,3,6,38,2,59,7
11007,1968,2,29187,1,0,43,26,0,6,0,0,2,1,1,0,3,8,57,3,34,5
7426,1971,2,54690,1,1,76,111,16,37,7,9,18,3,3,1,5,3,54,4,198,12
6961,1974,2,26751,2,0,26,1,1,5,0,3,1,1,1,0,2,8,51,4,11,4
8779,1985,2,36145,1,0,13,56,4,76,17,1,18,4,4,1,3,9,40,3,172,12
9316,1952,4,13084,0,0,29,2,0,7,3,7,10,1,1,0,3,6,73,2,29,5
6379,1949,5,47570,1,1,3,67,1,20,0,2,31,3,2,2,2,7,76,3,121,9
9239,1961,2,61923,0,2,94,92,4,18,3,3,6,1,2,1,4,3,64,4,126,8
8315,1995,3,34824,0,0,65,4,2,11,2,0,4,1,1,0,2,6,30,1,23,4
2868,1949,3,26518,1,1,33,20,1,28,3,3,2,3,2,0,3,8,76,3,57,8
968,1968,1,41335,1,0,24,112,19,21,16,14,5,3,4,1,4,7,57,2,187,12
4472,1970,1,35682,1,0,34,23,0,8,6,2,18,1,1,1,3,2,55,2,57,6
4301,1971,2,35178,1,0,10,23,1,13,2,2,18,1,1,1,2,7,54,3,59,5
1940,1986,2,25252,1,0,26,1,3,4,2,2,6,1,1,0,2,8,39,3,18,4
1388,1975,3,33249,1,0,11,6,10,21,19,14,42,2,2,1,3,6,50,2,112,8
6969,1982,4,50272,1,0,75,99,13,66,43,8,4,3,4,1,5,7,43,3,233,13
1715,1978,4,25851,1,0,45,9,4,18,7,5,5,2,2,0,3,7,47,3,48,7
1463,1958,3,45160,1,1,9,8,2,5,3,0,3,1,1,0,2,7,67,3,21,4
4329,1984,2,18988,1,0,43,6,0,6,2,1,1,2,1,0,3,7,41,3,16,6
4692,1976,2,7500,1,0,19,7,0,12,13,7,32,5,4,1,2,9,49,3,71,12
7212,1966,2,44794,0,1,99,54,0,7,0,0,4,1,2,0,3,6,59,3,65,6
5329,1949,1,35946,1,1,24,8,0,3,0,0,0,1,0,0,3,5,76,3,11,4
6516,1989,2,17487,1,0,37,0,0,1,7,4,6,1,1,0,2,7,36,3,18,4
7458,1956,4,34941,1,1,26,39,2,25,4,3,24,2,3,0,3,8,69,4,97,8
5237,1950,3,48767,1,2,79,28,1,21,3,0,10,3,2,1,3,5,75,4,63,9
7761,1978,4,38702,1,0,71,13,11,24,13,8,40,2,3,0,4,6,47,3,109,9
7235,1975,2,17003,1,0,37,2,5,12,4,8,7,3,2,0,4,5,50,3,38,9
2281,1970,3,33697,1,0,34,4,3,7,0,3,11,1,1,0,2,7,55,2,28,4
10470,1979,2,40662,1,0,0,40,2,23,0,4,23,2,2,1,3,4,46,3,92,8
6488,1959,2,38829,0,1,86,76,0,7,0,0,16,1,3,2,2,5,66,3,99,8
10270,1981,2,35523,1,0,8,11,5,22,12,5,11,2,3,0,3,7,44,3,66,8
7573,1978,3,31626,1,0,12,39,1,9,2,1,34,1,2,1,2,7,47,2,86,6
221,1955,2,48726,0,1,90,138,3,38,4,0,59,3,3,2,4,6,70,3,242,12
20,1965,2,46891,0,1,91,43,12,23,29,15,61,1,2,1,4,4,60,3,183,8
2371,1972,2,33622,1,1,22,39,1,22,3,4,12,3,2,0,4,7,53,4,81,9
6825,1953,4,41452,1,1,86,13,0,3,0,0,0,1,1,0,2,7,72,4,16,4
1072,1965,3,40760,0,1,64,70,0,17,0,0,6,2,2,1,3,6,60,2,93,8
2461,1955,3,51124,1,1,79,26,1,11,0,1,4,2,1,0,3,3,70,3,43,6
10839,1976,4,36283,1,1,42,6,5,5,8,0,5,2,1,0,3,4,49,4,29,6
49,1970,3,20587,1,0,39,2,3,6,4,1,9,1,1,1,2,7,55,2,25,5
4290,1972,2,30467,1,0,8,1,3,8,2,5,5,1,1,0,2,7,53,3,24,4
10219,1972,4,31590,1,0,40,6,2,15,6,6,3,1,1,0,3,8,53,3,38,5
4211,1986,2,20425,1,0,5,4,12,5,3,16,17,2,2,0,3,7,39,3,57,7
1135,1960,4,17144,1,1,96,18,2,19,0,2,6,5,3,0,4,7,65,4,47,12
3479,1950,3,16813,0,0,49,4,8,11,12,2,13,1,2,0,3,7,75,1,50,6
4442,1961,3,46524,0,1,70,31,19,35,26,14,52,2,1,1,5,3,64,2,177,9
8523,1968,2,19329,1,0,39,24,1,16,12,2,5,3,4,0,3,8,57,3,60,10
8629,1956,5,46984,1,1,71,19,1,10,2,1,8,1,1,0,3,5,69,3,41,5
236,1951,2,34838,1,1,62,28,23,29,29,14,47,3,2,1,4,6,74,4,170,10
7326,1971,2,56850,0,1,83,34,1,19,2,7,0,1,1,1,3,2,54,3,63,6
2964,1981,2,26872,0,0,0,3,10,8,3,16,32,1,1,1,2,6,44,2,72,5
5585,1972,3,21359,1,0,1,12,2,17,6,1,10,2,2,0,3,8,53,2,48,7
2986,1976,2,30772,1,1,89,7,2,4,2,1,4,1,1,0,2,6,49,4,20,4
7034,1978,2,25804,1,0,34,8,7,9,13,6,12,2,2,0,3,8,47,3,55,7
1143,1972,2,22063,1,0,43,7,10,13,3,11,11,2,2,0,3,7,53,3,55,7
3855,1963,2,22419,0,0,74,30,3,47,19,21,42,1,3,2,2,8,62,2,162,8
6768,1962,1,37859,1,2,75,22,1,8,2,1,2,2,1,0,3,8,63,4,36,6
6646,1984,4,16529,1,0,23,3,0,5,13,0,1,1,1,0,3,6,41,3,22,5
4887,1976,1,55412,1,1,65,10,5,28,11,1,8,1,2,0,3,5,49,3,63,6
11003,1980,4,25130,1,0,10,2,5,7,0,18,18,2,2,0,3,7,45,3,50,7
10402,1967,2,35441,1,1,94,25,1,9,2,1,1,2,1,0,3,8,58,4,39,6
10856,1980,3,45889,0,1,42,31,0,6,0,1,8,1,1,0,3,6,45,2,46,5
4186,1950,4,34026,1,1,11,18,6,15,12,8,17,3,2,1,3,5,75,4,76,9
3312,1988,3,34176,1,0,12,5,7,24,19,14,20,4,3,0,4,6,37,2,89,11
11121,1981,2,19419,1,0,76,2,14,28,16,3,7,4,4,0,3,9,44,3,70,11
2895,1963,3,49980,0,1,79,104,1,54,13,9,14,2,3,1,5,5,62,2,195,11
10262,1980,2,15072,2,0,96,8,2,15,0,10,18,4,3,1,3,5,45,4,53,11
7186,1966,4,30843,1,1,43,24,0,2,0,0,9,2,1,1,2,5,59,4,35,6
4877,1973,2,38576,0,1,2,34,0,7,0,0,0,1,1,0,3,7,52,3,41,5
3007,1966,4,37758,1,1,49,27,2,10,0,0,1,2,1,0,3,8,59,4,40,6
4297,1969,4,23228,1,0,71,13,2,18,6,1,0,2,2,0,3,8,56,3,40,7
9553,1987,2,7500,0,0,94,0,2,3,4,1,5,1,0,0,3,6,38,2,15,4
4259,1986,3,19485,2,0,80,6,0,4,0,0,0,1,1,0,2,7,39,3,10,4
2447,1979,4,30545,1,0,71,4,12,15,19,7,12,2,2,0,3,7,46,3,69,7
3623,1976,4,21675,1,0,55,4,0,16,17,4,4,3,4,0,3,7,49,3,45,10
738,1981,3,42395,1,1,35,48,13,57,24,15,25,4,3,1,4,7,44,3,182,12
10602,1983,2,39922,1,0,30,29,12,59,19,1,36,2,3,0,4,8,42,3,156,9
3270,1978,4,17117,1,0,96,12,23,38,30,18,7,4,3,1,3,9,47,3,128,11
8443,1972,3,24762,1,0,16,6,10,12,3,15,40,3,3,1,2,8,53,2,86,9
9653,1975,2,35797,0,1,16,27,1,14,4,1,21,2,2,0,3,8,50,3,68,7
8916,1975,1,36627,2,0,78,9,1,5,0,0,1,1,0,0,3,5,50,3,16,4
8017,1981,2,51111,1,1,83,22,0,19,6,5,3,2,2,0,3,6,44,4,55,7
8086,1959,2,42243,1,1,34,48,0,2,0,0,5,2,2,0,3,7,66,4,55,7
1928,1973,2,31814,1,0,73,35,3,20,4,1,20,2,2,0,3,9,52,3,83,7
9960,1991,3,26868,1,0,52,0,0,1,8,3,2,1,1,0,2,7,34,2,14,4
905,1986,1,21846,1,0,38,7,17,18,6,10,26,4,4,0,3,8,39,2,84,11
8945,1970,1,54137,0,1,46,171,0,11,0,1,20,2,4,1,4,6,55,2,203,11
1968,1971,5,45684,1,0,37,5,1,5,10,0,7,1,1,0,2,7,54,2,28,4
6534,1974,4,47889,1,0,94,29,0,29,0,5,4,1,2,0,3,5,51,3,67,6
1048,1972,2,35641,1,0,11,63,3,67,8,9,28,2,3,1,4,7,53,3,178,10
9972,1955,4,46015,1,1,25,38,0,2,0,0,6,1,1,0,3,7,70,4,46,5
4487,1969,3,39858,1,0,67,15,20,25,2,7,26,1,2,0,4,6,56,2,95,7
4988,1948,2,34469,1,1,58,19,6,20,0,5,12,3,1,1,4,4,77,4,62,9
538,1989,3,46107,1,0,78,31,9,27,16,9,33,1,1,1,4,3,36,2,125,7
5692,1989,2,25443,1,0,82,1,4,3,8,9,7,1,1,0,3,8,36,3,32,5
6383,1971,4,32892,1,0,78,26,0,15,2,1,2,2,3,0,3,8,54,3,46,8
8700,1986,3,14906,0,0,86,7,7,14,7,16,15,3,2,1,3,7,39,1,66,9
6515,1977,4,39771,1,0,92,6,2,18,2,8,14,1,2,0,3,4,48,3,50,6
7574,1979,4,27922,1,0,80,11,0,13,2,4,11,1,2,0,3,4,46,3,41,6
6387,1976,4,52190,1,1,39,42,0,17,0,0,18,3,2,1,3,5,49,4,77,9
5320,1973,1,44051,1,1,20,79,7,58,6,3,18,4,3,1,4,6,52,3,171,12
5048,1971,3,42767,2,0,53,20,6,43,19,5,38,1,3,1,2,8,54,3,131,7
8146,1976,4,46106,1,1,84,30,0,8,2,0,14,1,1,1,2,6,49,4,54,5
10031,1976,2,16927,1,1,50,20,2,23,3,1,4,5,3,0,4,8,49,4,53,12
1523,1973,2,59041,1,1,25,69,2,15,2,2,6,2,2,0,4,5,52,4,96,8
3547,1969,4,41021,1,0,12,14,7,9,6,16,12,2,2,0,3,6,56,3,64,7
2456,1975,2,40233,0,1,84,80,4,46,0,17,2,5,2,1,5,6,50,3,149,13
7011,1973,2,33471,1,0,47,43,2,27,0,9,12,3,3,0,4,7,52,3,93,10
2620,1974,2,34596,1,0,48,14,0,2,0,0,7,1,1,0,2,8,51,3,23,4
10995,1988,2,15716,1,0,8,16,5,30,8,7,26,3,3,0,4,8,37,3,92,10
3308,1952,2,35704,1,1,54,30,9,12,2,11,30,3,2,0,4,4,73,4,94,9
2166,1960,5,46779,1,1,55,12,1,3,0,0,7,1,0,1,2,4,65,3,23,4
6634,1979,1,33462,1,0,78,22,3,18,0,0,11,1,2,0,3,7,46,2,54,6
453,1956,5,35340,1,1,1,27,0,12,0,1,5,2,2,0,3,5,69,3,45,7
9850,1972,2,24884,1,0,32,3,6,7,0,0,3,1,0,0,3,7,53,3,19,4
1640,1954,1,64587,1,1,49,66,0,16,0,6,20,2,1,1,4,3,71,3,108,8
5184,1995,3,34824,0,0,65,4,2,11,2,0,4,1,1,0,2,6,30,1,23,4
11188,1957,4,26091,1,1,84,15,10,19,8,17,20,3,2,1,3,5,68,4,89,9
5527,1987,4,22434,1,0,25,4,12,11,3,13,15,2,2,0,3,8,38,3,58,7
8975,1968,2,19514,1,1,47,14,3,21,2,1,28,4,3,1,2,8,57,4,69,10
6119,1963,3,36736,1,1,52,10,0,3,0,0,4,1,1,0,2,6,62,3,17,4
5723,1976,4,49187,0,1,63,81,1,31,2,1,0,1,1,1,5,2,49,3,116,8
1970,1968,4,34053,0,1,14,63,0,21,7,0,12,1,3,0,3,8,57,3,103,7
5313,1971,2,38196,1,1,20,30,0,11,0,0,3,3,2,0,4,5,54,4,44,9
3158,1973,2,32300,1,0,1,13,3,6,6,5,6,1,1,0,3,8,52,3,39,5
4436,1976,3,20180,0,0,27,18,42,24,15,20,18,1,2,1,4,7,49,1,137,8
5287,1973,2,34961,1,0,77,45,2,26,4,1,1,3,3,1,3,7,52,3,79,10
2445,1974,4,28440,1,0,87,38,1,24,0,0,0,1,2,0,3,8,51,3,63,6
4550,1966,4,33564,0,1,51,61,0,3,0,0,7,1,1,1,3,5,59,3,71,6
4240,1978,2,17345,1,0,79,4,9,16,17,0,12,2,2,1,2,8,47,3,58,7
3706,1978,3,28647,1,0,54,19,8,29,0,12,26,1,2,2,2,7,47,2,94,7
3628,1987,3,15038,1,0,93,4,8,11,19,12,26,2,2,1,2,9,38,2,80,7
10175,1958,1,32173,0,1,0,18,0,2,0,0,2,1,1,0,3,4,67,2,22,5
5263,1977,2,31056,1,0,99,5,10,13,3,8,16,1,1,0,3,8,48,3,55,5
10613,1958,4,37334,1,1,44,26,1,16,2,2,15,4,3,0,4,4,67,4,62,11
67,1972,3,46423,1,1,6,68,0,16,0,0,8,3,2,0,4,7,53,3,92,9
6019,1971,2,37126,1,0,9,45,3,9,4,4,7,1,1,2,2,6,54,3,72,6
6730,1954,2,38998,1,1,92,34,1,14,0,0,5,3,2,0,3,8,71,4,54,8
6287,1986,4,34728,1,0,2,14,0,16,0,0,6,1,1,1,2,6,39,3,36,5
5985,1965,3,33168,0,1,0,80,1,37,0,1,3,3,2,1,4,7,60,2,122,10
4754,1966,2,33585,0,1,91,30,11,33,13,6,29,1,2,0,4,4,59,3,122,7
9725,1966,4,28764,1,1,16,8,0,3,0,0,1,1,1,0,2,8,59,4,12,4
5740,1970,1,25959,1,1,1,4,2,12,7,5,26,2,1,2,2,6,55,3,56,7
5731,1983,2,27100,1,0,64,12,0,13,2,0,10,1,1,0,3,7,42,3,37,5
2055,1973,1,35860,1,1,37,15,0,8,4,2,20,2,1,1,2,5,52,3,49,6
4415,1961,2,16860,1,1,19,10,4,4,3,3,14,3,1,1,3,7,64,4,38,8
4817,1956,1,22304,0,0,91,3,2,7,0,4,2,1,1,0,2,8,69,1,18,4
10536,1971,4,32892,1,0,78,26,0,15,2,1,2,2,3,0,3,8,54,3,46,8
9197,1953,2,39722,0,1,92,32,0,5,2,0,8,2,2,0,3,5,72,3,47,7
577,1976,4,26907,1,1,10,9,1,7,0,3,2,2,1,0,3,7,49,4,22,6
3081,1978,2,41014,1,0,65,7,2,6,2,0,3,1,1,0,2,7,47,3,20,4
9523,1982,4,40479,1,0,95,5,0,8,2,0,0,1,0,0,3,4,43,3,15,4
10914,1970,3,24163,1,1,3,4,1,7,2,1,2,2,1,0,3,4,55,3,17,6
5577,1983,4,43776,1,0,77,8,0,9,2,1,3,1,1,0,2,6,42,3,23,4
1833,1974,3,39190,1,0,91,68,8,18,19,8,12,2,2,1,4,5,51,2,133,9
9080,1972,3,38578,1,1,2,38,4,22,3,3,3,3,3,0,3,8,53,3,73,9
6466,1965,2,57236,1,1,22,105,0,9,2,1,4,3,2,1,4,3,60,4,121,10
1109,1982,4,27590,1,0,38,6,0,5,0,0,1,1,1,0,2,7,43,3,12,4
4444,1972,2,30023,1,0,28,11,0,16,7,6,21,1,2,0,3,8,53,3,61,6
6271,1952,2,50870,0,1,13,53,0,8,0,0,2,1,2,0,3,5,73,3,63,6
10065,1970,2,15315,0,0,27,7,4,13,15,8,17,2,2,0,4,5,55,2,64,8
10022,1973,3,54466,1,1,78,12,0,4,0,0,0,1,1,0,2,5,52,3,16,4
11010,1984,3,16269,1,0,75,19,3,18,3,1,0,3,3,0,3,8,41,2,44,9
3885,1983,2,33569,1,0,10,16,2,18,3,0,24,1,1,1,2,8,42,3,63,5
880,1966,4,22634,0,0,47,2,23,11,8,6,46,1,2,1,2,8,59,2,96,6
4713,1979,2,31605,1,0,15,74,0,42,2,1,6,2,2,1,4,7,46,3,125,9
5025,1979,3,48526,1,0,32,23,17,23,43,20,9,1,2,1,4,3,46,2,135,8
8977,1985,3,16581,0,0,51,1,3,4,2,3,11,1,0,0,3,4,40,1,24,4
606,1967,3,25930,1,1,87,6,1,2,2,0,4,1,1,0,2,7,58,3,15,4
5961,1978,2,42693,1,0,29,8,4,20,6,3,16,1,1,0,3,5,47,3,57,5
10542,1968,2,36778,1,1,63,29,4,34,2,4,4,3,3,0,3,9,57,4,77,9
10617,1989,1,10979,0,0,34,8,4,10,2,2,4,2,3,0,3,5,36,1,30,8
523,1989,2,37155,1,0,51,23,0,26,7,15,3,1,2,0,4,5,36,3,74,7
4066,1978,1,21282,1,0,76,1,5,8,4,8,20,2,2,1,2,6,47,2,46,7
8414,1962,3,33419,0,1,76,56,0,12,0,0,18,2,2,0,4,7,63,2,86,8
4961,1974,4,21255,1,0,56,29,0,25,2,2,3,4,2,1,4,4,51,3,61,11
749,1981,4,42162,1,0,31,46,7,59,2,4,27,2,3,1,3,6,44,3,145,9
10525,1986,3,26576,1,0,40,10,0,8,0,0,9,1,1,0,2,9,39,2,27,4
10710,1979,2,7500,0,1,61,5,2,3,3,0,5,1,1,0,2,8,46,3,18,4
213,1963,3,23091,1,1,98,35,0,11,0,0,2,4,2,1,3,7,62,3,48,10
5922,1974,2,40344,0,1,48,210,0,6,0,0,2,2,4,1,5,7,51,3,218,12
6116,1968,2,48985,0,1,13,19,13,18,10,7,8,1,1,1,3,3,57,3,75,6
193,1996,2,14421,0,0,81,0,0,2,3,3,8,1,1,0,2,5,29,2,16,4
3363,1974,2,20130,0,0,99,0,6,3,7,6,12,1,1,0,3,8,51,2,34,5
8686,1979,4,23724,1,0,65,5,23,15,0,18,14,2,2,0,3,8,46,3,75,7
5907,1952,2,33444,1,1,24,8,0,8,0,0,2,1,1,0,2,8,73,4,18,4
2918,1981,1,28510,1,1,72,44,5,19,0,4,19,3,2,0,4,5,44,3,91,9
8387,1957,2,43140,0,1,68,134,8,76,6,0,11,1,4,1,5,6,68,3,235,11
3839,1958,3,15056,1,1,76,6,12,3,21,6,40,5,2,2,3,5,67,3,88,12
9392,1971,3,26954,1,0,17,4,1,11,0,0,1,1,1,0,2,7,54,2,17,4
2292,1985,3,22327,1,0,94,5,4,8,2,0,5,1,1,0,3,5,40,2,24,5
10466,1965,2,44393,1,1,86,24,2,20,2,2,10,2,1,0,4,4,60,4,60,7
4088,1962,4,31497,0,1,22,108,1,28,13,1,4,2,3,1,4,8,63,3,155,10
5231,1974,2,45894,0,2,15,27,2,7,0,2,13,1,1,0,3,5,51,4,51,5
3515,1952,3,62307,0,1,94,87,13,34,10,6,10,1,4,0,4,5,73,2,160,9
2245,1969,2,43641,1,1,50,57,2,51,4,2,23,3,2,1,4,6,56,4,139,10
2246,1965,2,46891,0,1,91,43,12,23,29,15,61,1,2,1,4,4,60,3,183,8
837,1977,2,54809,1,1,0,63,6,57,13,13,22,4,2,1,5,4,48,4,174,12
3602,1958,2,51412,0,1,42,140,3,29,4,5,14,2,3,2,4,4,67,3,195,11
234,1979,1,15287,1,0,60,1,2,8,4,3,13,2,1,1,2,7,46,2,31,6
3068,1990,2,18351,0,0,1,1,12,9,0,14,7,1,2,0,3,7,35,2,43,6
8955,1957,4,40451,0,2,54,35,0,4,0,0,10,1,1,1,2,5,68,4,49,5
945,1965,4,36317,0,1,53,87,3,25,3,2,13,2,3,0,4,7,60,3,133,9
1506,1975,3,42160,1,1,26,48,9,45,3,15,20,4,2,1,4,6,50,3,140,11
8876,1963,4,33629,1,1,49,132,0,16,0,0,4,5,3,1,4,9,62,4,152,13
9739,1963,3,34377,0,1,55,62,0,22,3,1,26,2,2,2,2,7,62,2,114,8
10395,1986,3,8940,1,0,25,1,45,3,4,6,42,3,3,1,3,8,39,2,101,10
1176,1973,2,26228,1,0,50,2,6,4,3,1,9,1,1,0,2,8,52,3,25,4
938,1981,2,40211,1,1,30,51,1,7,2,1,25,2,2,1,2,8,44,4,87,7
2740,1958,5,33438,1,1,81,62,1,16,3,2,6,4,2,1,4,5,67,3,90,11
7736,1986,2,22518,1,0,36,11,7,12,2,2,27,2,2,1,2,5,39,3,61,7
833,1955,2,38452,1,1,62,56,0,14,0,0,2,3,3,0,3,7,70,4,72,9
6230,1971,1,44421,1,1,53,110,5,59,7,1,7,5,5,0,4,8,54,3,189,14
7325,1986,4,38197,1,0,86,23,0,11,2,1,3,1,1,0,3,5,39,3,40,5
1307,1978,1,41986,0,1,15,27,5,8,8,3,12,3,3,0,4,4,47,2,63,10
1502,1983,4,28427,1,0,67,18,3,19,3,3,6,2,2,0,3,8,42,3,52,7
6211,1976,4,37395,1,0,47,18,0,9,0,1,11,1,1,0,3,6,49,3,39,5
4174,1956,4,55249,0,1,81,97,1,19,2,0,11,1,2,1,4,3,69,3,130,8
6918,1989,2,28691,1,0,56,5,4,13,8,0,4,1,1,0,3,8,36,3,34,5
286,1952,3,44213,1,1,48,95,11,35,0,4,7,4,2,1,5,6,73,3,152,12
11086,1984,3,25707,1,0,18,1,6,2,3,6,3,1,1,0,3,7,41,2,21,5
803,1968,4,40521,1,1,82,12,0,5,0,0,4,1,0,1,2,5,57,4,21,4
4298,1973,4,20427,1,0,63,5,0,4,0,0,1,1,1,0,2,8,52,3,10,4
5493,1976,2,39356,1,1,21,15,0,2,0,0,6,1,1,0,2,6,49,4,23,4
5107,1973,1,35860,1,1,37,15,0,8,4,2,20,2,1,1,2,5,52,3,49,6
8147,1960,2,31454,1,1,40,28,0,11,0,0,9,3,2,0,3,8,65,4,48,8
1857,1952,3,47139,1,1,2,46,0,12,0,2,23,2,2,1,2,7,73,3,83,7
11114,1970,4,19656,1,0,94,25,4,9,6,8,32,3,2,1,3,7,55,3,84,9
5429,1948,2,45579,0,1,10,145,1,33,2,1,1,1,4,1,4,6,77,3,183,10
7527,1968,1,23748,1,0,97,6,6,29,12,15,8,3,2,1,3,8,57,2,76,9
2296,1975,2,37368,1,0,4,3,2,11,2,2,10,1,1,0,2,6,50,3,30,4
679,1957,2,37633,1,1,49,13,4,20,0,0,1,2,1,0,3,9,68,4,38,6
5267,1970,1,33986,1,0,43,16,2,18,2,1,5,1,1,0,3,7,55,2,44,5
2516,1969,2,46831,1,1,84,22,2,10,6,4,34,2,1,2,2,4,56,4,78,7
4808,1956,2,15759,0,0,12,1,2,5,6,0,3,1,1,0,2,7,69,2,17,4
5068,1971,3,22804,1,0,75,14,1,7,2,1,1,1,2,0,2,9,54,2,26,5
7628,1973,2,43050,1,0,10,30,5,24,6,3,8,2,2,0,4,5,52,3,76,8
7128,1977,3,42997,1,1,91,4,0,5,0,1,5,1,1,0,2,7,48,3,15,4
2811,1963,3,48918,1,1,21,52,0,9,0,0,1,2,1,0,4,4,62,3,62,7
3551,1954,4,60033,0,1,28,62,1,57,19,11,48,2,2,1,5,2,71,3,198,10
1663,1978,4,34043,1,0,97,20,2,14,3,0,10,1,2,0,2,9,47,3,49,5
10641,1978,3,7500,1,1,5,6,5,4,13,4,25,4,2,1,3,6,47,3,57,10
1878,1985,2,23148,0,0,83,4,6,8,6,3,10,1,2,0,3,7,40,2,37,6
6197,1962,3,27238,1,1,39,37,0,17,0,0,3,3,3,0,3,9,63,3,57,9
4937,1973,2,46094,1,1,62,12,2,20,3,2,5,1,1,0,3,7,52,4,44,5
1920,1972,2,40321,1,1,59,44,4,21,6,0,27,2,3,0,3,7,53,4,102,8
8749,1984,4,37235,1,0,68,20,2,9,4,6,20,1,1,1,2,4,41,3,61,5
6398,1974,2,18393,1,0,2,7,10,13,16,0,4,2,3,0,3,8,51,3,50,8
7937,1982,2,24711,0,0,86,10,7,25,6,3,7,1,3,0,3,7,43,2,58,7
839,1975,2,45503,1,0,54,97,4,44,6,1,18,1,3,1,4,5,50,3,170,9
4832,1979,2,27244,1,0,84,6,5,17,3,24,46,2,2,2,2,7,46,3,101,8
9635,1983,2,35876,0,0,13,66,2,40,4,3,14,1,3,1,3,6,42,2,129,8
2173,1952,5,40049,0,1,23,13,6,7,0,3,3,1,1,0,3,6,73,2,32,5
2253,1990,2,18929,0,0,15,32,0,8,23,4,18,1,1,0,4,6,35,2,85,6
5181,1982,3,24367,1,0,58,2,4,2,0,11,5,1,1,0,2,9,43,2,24,4
979,1975,3,33249,1,0,11,6,10,21,19,14,42,2,2,1,3,6,50,2,112,8
10390,1959,2,26887,0,1,27,6,7,4,3,4,6,1,1,0,3,6,66,3,30,5
8369,1987,4,18227,1,0,21,1,2,7,4,3,11,1,0,1,2,8,38,3,28,4
5232,1965,2,69139,0,1,23,86,12,75,33,15,6,1,4,1,5,4,60,3,227,11
7912,1978,2,38136,1,0,69,8,15,27,0,20,33,2,3,1,2,8,47,3,103,8
7275,1971,3,33316,1,1,34,79,1,31,4,4,12,3,2,1,4,6,54,3,131,10
1384,1992,2,17256,1,0,10,6,4,14,8,8,22,2,2,1,2,8,33,3,62,7
3231,1973,2,37971,1,0,97,5,4,10,2,2,7,1,1,0,3,8,52,3,30,5
4096,1968,1,41335,1,0,24,112,19,21,16,14,5,3,4,1,4,7,57,2,187,12
5948,1975,3,57338,0,1,96,143,6,52,11,8,17,2,4,1,5,5,50,2,237,12
9140,1960,4,50523,1,1,89,51,4,24,4,7,1,2,2,0,4,6,65,4,91,8
10258,1965,3,35791,2,1,94,27,0,5,0,0,3,2,1,0,3,8,60,4,35,6
6770,1985,2,21355,1,0,5,5,13,14,0,5,31,2,2,1,2,6,40,3,68,7
10420,1955,1,46390,0,1,56,95,14,64,2,9,38,1,4,2,3,7,70,2,222,10
7514,1956,4,54342,1,1,74,84,10,34,11,10,28,4,3,1,4,6,69,4,177,12
793,1973,2,20895,1,0,24,18,3,17,3,0,4,1,2,0,3,9,52,3,45,6
8702,1976,4,26907,1,1,10,9,1,7,0,3,2,2,1,0,3,7,49,4,22,6
4791,1980,4,44964,1,1,35,19,1,17,2,0,2,1,1,0,3,8,45,4,41,5
8140,1973,4,22682,1,0,51,10,14,29,4,2,36,3,2,1,4,4,52,3,95,10
10146,1972,4,38887,1,0,17,25,1,13,0,0,3,1,1,0,3,7,53,3,42,5
5289,1975,3,41658,1,1,30,8,4,12,15,4,29,2,1,1,2,4,50,3,72,6
2587,1972,2,29791,1,0,21,14,0,6,0,0,0,2,2,0,3,5,53,3,20,7
8663,1974,1,39996,1,1,85,11,0,3,0,0,1,1,1,0,2,6,51,3,15,4
2589,1972,1,26759,1,0,65,25,3,16,8,5,2,2,2,1,3,6,53,2,59,8
2534,1953,2,37716,0,1,4,97,1,41,6,2,41,2,4,1,3,7,72,3,188,10
10827,1967,2,36947,1,1,49,88,3,21,4,1,29,4,3,0,4,9,58,4,146,11
10010,1953,1,36957,1,1,43,100,2,16,2,1,31,4,3,2,2,9,72,3,152,11
361,1969,2,43142,1,1,84,5,1,7,2,1,4,1,1,0,2,7,56,4,20,4
524,1966,4,22634,0,0,47,2,23,11,8,6,46,1,2,1,2,8,59,2,96,6
4098,1973,2,24639,1,1,3,20,3,16,0,4,1,3,2,0,4,6,52,4,44,9
5229,1969,4,54132,0,1,81,30,1,8,0,0,3,1,1,0,3,7,56,3,42,5
4086,1959,2,18690,0,0,77,6,1,7,23,4,19,1,1,1,2,8,66,2,60,5
2428,1970,2,28164,1,0,23,3,18,26,11,8,12,3,2,0,4,7,55,3,78,9
8254,1974,2,34596,1,0,48,14,0,2,0,0,7,1,1,0,2,8,51,3,23,4
2836,1972,2,43269,1,0,61,10,1,7,0,0,1,1,1,0,2,8,53,3,19,4
8418,1958,3,38741,1,1,60,7,10,17,8,6,13,2,2,0,3,7,67,3,61,7
7152,1983,2,27100,1,0,64,12,0,13,2,0,10,1,1,0,3,7,42,3,37,5
10033,1973,1,31163,1,0,54,2,3,10,11,2,10,1,1,0,3,6,52,2,38,5
274,1973,3,34853,1,1,75,9,3,15,2,3,2,2,2,0,3,6,52,3,34,7
922,1979,2,31086,1,1,79,16,2,11,3,0,16,2,1,1,2,8,46,4,48,6
2518,1986,4,20491,0,0,16,5,4,5,4,2,10,1,0,1,2,7,39,2,30,4
3220,1983,2,39922,1,0,30,29,12,59,19,1,36,2,3,0,4,8,42,3,156,9
5967,1952,4,33402,1,1,60,26,2,19,10,5,8,3,2,1,3,8,73,4,70,9
1183,1949,2,36408,1,1,11,9,1,4,3,2,3,1,1,0,2,6,76,4,22,4
6856,1979,4,21645,1,0,75,14,0,23,4,5,19,3,3,0,3,9,46,3,65,9
5788,1972,4,46053,1,0,46,56,10,92,19,7,25,3,3,2,4,5,53,3,209,12
5975,1967,3,40304,1,0,82,37,0,17,0,0,3,1,2,0,3,7,58,2,57,6
4042,1971,1,43300,0,1,87,91,3,52,2,1,31,3,4,0,4,8,54,2,180,11
2157,1972,4,26290,1,1,49,15,8,16,11,5,22,4,2,0,4,6,53,4,77,10
2945,1955,4,46015,1,1,25,38,0,2,0,0,6,1,1,0,3,7,70,4,46,5
10403,1978,4,16531,1,0,43,2,13,6,7,5,11,3,3,0,3,7,47,3,44,9
5074,1986,2,28072,1,0,10,30,0,10,2,0,5,1,1,0,3,7,39,3,47,5
7196,1950,2,41145,1,1,20,9,0,3,0,0,1,1,0,0,3,3,75,4,13,4
9672,1970,2,23162,1,1,82,8,3,9,19,4,22,3,1,1,3,6,55,4,65,8
4864,1977,2,34380,1,0,68,72,7,58,13,1,24,4,4,1,3,8,48,3,175,12
4706,1966,3,34704,0,1,65,29,0,5,0,1,5,1,1,0,3,5,59,2,40,5
3697,1954,4,39898,0,1,20,69,8,26,12,7,12,2,3,0,4,7,71,3,134,9
4220,1970,2,59892,0,1,26,73,0,13,0,1,0,1,2,1,3,3,55,3,87,7
5286,1987,3,41020,0,0,68,112,1,54,7,7,36,1,3,2,4,3,38,1,217,10
3102,1981,4,19414,1,0,32,2,3,12,3,5,7,1,1,0,3,8,44,3,32,5
5868,1980,2,19107,1,0,49,2,4,9,10,5,16,2,1,0,3,7,45,3,46,6
2005,1990,2,35765,1,0,86,22,3,30,0,5,15,2,2,0,4,6,35,3,75,8
6885,1977,1,32952,1,0,36,38,0,12,3,1,1,1,2,0,3,7,48,2,55,6
5751,1973,1,31163,1,0,54,2,3,10,11,2,10,1,1,0,3,6,52,2,38,5
9,1975,3,46098,1,1,86,57,0,27,0,0,36,4,3,2,2,8,50,3,120,11
3865,1977,4,20981,0,0,14,2,12,10,6,13,30,1,3,1,2,8,48,2,73,7
6310,1978,2,33039,1,0,4,30,8,12,8,8,12,1,2,0,4,5,47,3,78,7
10380,1972,2,37787,1,0,50,40,1,40,4,3,18,1,3,0,3,8,53,3,106,7
3887,1970,3,27242,1,0,2,3,17,26,20,1,39,2,2,0,3,9,55,2,106,7
1998,1976,3,37697,1,0,82,34,6,21,11,4,8,1,2,1,3,6,49,2,84,7
10795,1973,2,37401,1,0,14,19,3,19,3,1,3,2,2,0,3,7,52,3,48,7
7998,1958,4,28087,1,1,77,53,8,17,13,0,21,3,2,2,2,7,67,4,112,9
3536,1960,4,19740,0,1,65,7,11,3,10,4,20,2,1,1,3,5,65,3,55,7
2804,1975,3,46098,1,1,86,57,0,27,0,0,36,4,3,2,2,8,50,3,120,11
3745,1988,2,23331,1,0,92,5,36,7,0,10,45,2,3,0,3,8,37,3,103,8
451,1989,3,9255,1,0,91,9,0,7,2,0,4,1,1,1,2,8,36,2,22,5
6678,1989,4,31928,1,0,5,33,4,24,4,2,5,2,3,0,4,7,36,3,72,9
73,1953,3,51411,1,2,81,14,0,3,0,0,1,1,0,0,3,5,72,4,18,4
10212,1986,4,42386,1,0,43,65,4,16,0,4,11,1,3,0,3,8,39,3,100,7
6365,1987,2,30390,0,0,5,10,12,12,25,1,20,1,2,0,3,6,38,2,80,6
5636,1963,3,30983,0,0,50,51,4,50,12,1,49,1,4,0,3,8,62,1,167,8
2217,1975,2,37284,1,1,46,11,1,2,2,1,6,1,0,0,3,6,50,4,23,4
2544,1951,1,57530,0,1,68,50,1,27,6,7,1,1,1,1,4,1,74,2,92,7
7791,1967,2,37054,1,1,89,12,1,6,0,1,5,2,1,0,3,7,58,4,25,6
4037,1976,1,31859,1,0,77,3,1,3,8,0,5,1,1,0,2,7,49,2,20,4
6642,1961,1,27215,2,1,50,30,5,22,8,9,28,4,2,1,4,6,64,4,102,11
5424,1983,2,39922,1,0,30,29,12,59,19,1,36,2,3,0,4,8,42,3,156,9
9530,1988,2,24645,1,0,16,5,3,4,4,1,0,1,1,0,2,8,37,3,17,4
10699,1985,2,44322,1,0,30,46,0,40,3,0,3,2,3,0,3,8,40,3,92,8
9916,1954,2,38998,1,1,92,34,1,14,0,0,5,3,2,0,3,8,71,4,54,8
8135,1986,2,27161,1,0,41,7,4,23,7,0,11,1,1,0,3,7,39,3,52,5
2130,1982,4,45203,2,0,4,35,3,67,10,8,24,1,3,1,3,6,43,4,147,8
8175,1992,2,34935,0,0,71,34,4,66,3,10,20,1,2,1,4,7,33,2,137,8
5223,1966,4,45903,0,1,80,33,8,10,2,10,3,2,2,1,3,4,59,3,66,8
1626,1973,1,35860,1,1,37,15,0,8,4,2,20,2,1,1,2,5,52,3,49,6
4764,1952,4,40442,1,1,52,45,12,52,25,22,13,4,3,1,4,7,73,4,169,12
4971,1962,4,31497,0,1,22,108,1,28,13,1,4,2,3,1,4,8,63,3,155,10
10069,1988,4,13724,1,0,43,2,7,5,2,15,27,1,2,0,2,9,37,3,58,5
1131,1967,3,52569,0,1,54,85,0,3,0,0,7,1,2,0,4,3,58,2,95,7
24,1960,4,17144,1,1,96,18,2,19,0,2,6,5,3,0,4,7,65,4,47,12
7943,1975,2,36663,1,0,40,18,0,6,3,3,5,1,1,1,3,2,50,3,35,6
800,1960,4,44512,1,1,57,23,1,6,0,0,2,2,1,0,3,4,65,4,32,6
11092,1961,2,27116,1,1,78,12,1,21,2,2,3,2,2,0,3,7,64,4,41,7
5062,1963,2,54072,1,1,71,35,0,4,0,0,0,1,2,0,2,8,62,4,39,5
1773,1978,2,12393,0,0,38,5,6,15,11,7,13,1,2,0,3,9,47,2,57,6
6215,1977,2,31353,1,1,24,10,0,10,3,1,7,2,1,1,2,8,48,4,31,6
5423,1983,4,28359,1,0,35,6,0,5,2,1,2,1,1,0,2,7,42,3,16,4
3011,1965,2,69139,0,1,23,86,12,75,33,15,6,1,4,1,5,4,60,3,227,11
8286,1965,4,51717,0,1,55,98,1,17,0,1,5,1,3,0,4,7,60,3,122,8
9668,1971,2,18793,1,0,14,4,16,20,0,17,20,3,2,0,4,8,54,3,77,9
7408,1952,2,54549,0,1,8,216,2,6,0,0,9,2,5,1,4,7,73,3,233,12
9986,1982,4,19444,1,0,8,16,0,23,3,2,10,3,4,1,2,7,43,3,54,10
3276,1976,4,36301,1,0,53,11,12,35,3,5,12,1,3,0,3,7,49,3,78,7
3783,1959,2,52854,1,1,43,105,0,10,0,1,0,2,2,1,4,5,66,4,116,9
10207,1978,4,22775,1,0,40,5,1,8,0,0,1,1,1,0,2,8,47,3,15,4
10785,1969,2,44078,1,1,17,24,1,10,2,0,4,2,2,0,3,5,56,4,41,7
2814,1976,4,30560,1,0,6,9,1,5,4,5,7,1,1,0,3,7,49,3,31,5
6866,1969,4,35924,1,1,56,8,0,14,2,3,7,1,1,0,3,5,56,4,34,5
3829,1979,4,24594,1,0,94,1,3,6,10,0,9,1,1,0,3,5,46,3,29,5
10141,1960,1,39228,0,0,1,7,1,6,0,3,3,1,0,0,3,4,65,1,20,4
7485,1950,5,56551,1,1,48,67,4,32,17,2,16,3,2,1,4,4,75,3,138,10
8079,1982,2,22448,1,0,86,3,1,8,23,2,18,3,2,1,3,3,43,3,55,9
10352,1963,5,34213,1,1,2,50,4,28,6,3,26,3,3,1,2,9,62,3,117,9
13,1947,5,25358,0,1,57,19,0,5,0,0,8,2,1,0,3,6,78,2,32,6
1834,1978,3,35544,1,0,77,30,5,23,4,1,4,1,2,0,3,7,47,2,67,6
1404,1968,4,34916,2,0,89,51,23,82,33,0,42,4,5,1,3,9,57,4,231,13
2639,1966,3,43602,1,1,45,19,5,12,10,3,19,3,3,1,2,6,59,3,68,9
8299,1989,3,33996,0,0,46,40,2,15,8,0,6,1,1,1,3,4,36,1,71,6
6437,1985,3,41473,1,0,80,21,8,20,15,3,9,1,2,0,3,7,40,2,76,6
7327,1959,2,36732,1,1,71,21,5,3,10,1,7,3,1,1,4,2,66,4,47,9
4712,1991,4,20193,0,0,18,8,8,22,24,11,9,1,1,1,4,4,34,2,82,7
6347,1979,3,15862,1,0,26,1,1,4,11,9,10,1,1,0,3,8,46,2,36,5
8230,1980,2,33228,1,0,28,22,2,31,7,4,5,1,2,0,3,7,45,3,71,6
5939,1971,4,38232,1,1,84,43,5,28,7,6,33,4,3,1,3,5,54,4,122,11
2156,1955,2,22554,1,1,38,27,0,10,0,0,4,4,2,0,4,5,70,4,41,10
7788,1983,2,23536,1,0,53,6,0,3,0,0,1,1,0,0,3,3,42,3,10,4
7947,1969,2,42231,1,1,99,24,0,8,0,1,4,1,1,0,3,5,56,4,37,5
10790,1985,2,18169,1,0,40,9,0,5,0,0,7,1,1,0,2,8,40,3,21,4
10398,1981,3,24336,1,0,82,1,6,2,8,2,12,1,1,0,2,7,44,2,31,4
2431,1990,2,18222,0,0,70,12,4,19,12,6,14,1,2,0,3,8,35,2,67,6
1890,1971,4,42033,1,1,95,11,1,4,2,0,7,1,1,0,2,7,54,4,25,4
10356,1957,1,41437,1,1,5,29,0,2,0,0,1,1,1,0,3,7,68,3,32,5
3565,1955,2,38452,1,1,62,56,0,14,0,0,2,3,3,0,3,7,70,4,72,9
5294,1989,3,18358,1,0,49,6,8,19,16,4,4,3,3,0,4,7,36,2,57,10
7349,1973,4,9722,1,0,7,6,17,16,6,16,42,4,3,1,3,8,52,3,103,11
8799,1984,2,38175,1,0,6,70,6,69,2,3,3,3,3,1,4,7,41,3,153,11
2202,1978,4,41154,0,1,98,44,2,11,2,3,7,1,1,0,4,5,47,3,69,6
4055,1992,3,18746,1,0,41,2,10,11,12,9,20,2,3,0,3,6,33,2,64,8
7629,1977,2,22108,1,1,46,5,3,9,6,2,6,2,2,0,3,7,48,4,31,7
10640,1974,4,44392,1,1,71,87,5,71,7,12,29,5,4,1,4,7,51,4,211,14
6742,1979,2,17688,1,0,82,2,2,1,3,1,2,1,1,0,2,8,46,3,11,4
2634,1979,3,16653,1,0,10,5,7,31,15,4,7,3,2,1,3,6,46,2,69,9
1744,1965,3,23529,0,1,67,9,7,13,3,2,20,1,1,1,2,6,60,2,54,5
8605,1964,4,46910,1,1,36,48,0,14,0,0,6,2,2,0,3,6,61,4,68,7
10304,1959,2,18690,0,0,77,6,1,7,23,4,19,1,1,1,2,8,66,2,60,5
4351,1955,1,37244,1,1,90,18,2,10,0,0,25,1,1,1,2,7,70,3,55,5
1064,1971,2,42403,1,0,18,22,1,11,0,5,3,1,1,0,3,8,54,3,42,5
48,1964,4,55761,0,1,97,136,1,12,0,3,32,2,4,1,3,6,61,3,184,10
263,1945,3,45576,0,0,9,56,19,29,2,14,25,1,3,1,3,8,80,1,145,8
10250,1947,4,28389,0,0,49,1,5,3,7,4,8,1,1,0,2,7,78,2,28,4
3878,1980,3,31859,1,0,3,3,4,7,15,8,11,1,1,0,3,7,45,2,48,5
2154,1971,5,30372,1,1,33,15,0,12,7,3,7,3,2,0,3,7,54,3,44,8
5394,1979,3,16014,1,1,42,3,9,4,7,8,7,4,1,1,4,3,46,3,38,10
3798,1968,2,41120,1,1,80,24,2,23,0,8,24,3,2,1,3,6,57,4,81,9
3524,1971,3,39763,1,0,9,80,1,60,4,6,16,2,5,1,2,9,54,2,167,10
5247,1955,2,38725,1,1,52,31,0,6,2,1,5,2,1,0,4,4,70,4,45,7
8812,1979,1,13533,1,0,45,12,3,8,8,0,17,2,2,0,3,7,46,2,48,7
4328,1986,2,21955,1,0,81,5,1,7,17,14,11,2,2,1,3,6,39,3,55,8
10560,1980,3,36802,1,0,23,16,1,2,0,0,1,1,1,0,3,5,45,2,20,5
8312,1961,2,28249,0,0,80,1,9,7,2,14,10,1,2,0,3,6,64,2,43,6
5093,1974,1,25509,1,0,15,40,3,30,10,7,11,3,3,0,3,9,51,2,101,9
7592,1946,2,51012,0,0,86,102,9,63,2,9,24,1,4,1,4,6,79,2,209,10
2694,1967,2,42664,0,1,44,21,0,3,0,0,0,1,1,0,3,6,58,3,24,5
7433,1985,3,29760,1,0,87,64,4,68,7,5,17,4,3,1,4,8,40,2,165,12
10477,1973,4,39435,1,0,16,71,0,18,0,0,13,1,3,1,2,7,52,3,102,7
5150,1979,3,20194,1,0,64,0,4,7,11,10,15,2,2,0,3,6,46,2,47,7
5283,1976,3,42473,1,1,72,93,1,21,0,4,25,3,2,1,4,5,49,3,144,10
8008,1983,4,36075,1,0,54,46,0,30,12,1,30,1,2,0,4,6,42,3,119,7
1419,1950,4,34026,1,1,11,18,6,15,12,8,17,3,2,1,3,5,75,4,76,9
9150,1963,3,48918,1,1,21,52,0,9,0,0,1,2,1,0,4,4,62,3,62,7
1250,1976,3,37697,1,0,82,34,6,21,11,4,8,1,2,1,3,6,49,2,84,7
10691,1960,2,28520,1,1,55,11,0,10,0,2,20,1,1,1,2,6,65,4,43,5
2952,1977,3,36273,1,0,80,29,3,30,3,2,9,2,3,0,3,6,48,2,76,8
6289,1951,4,59385,1,1,85,135,0,10,0,4,36,2,3,1,4,5,74,4,185,10
8397,1951,2,44689,1,1,82,18,0,5,0,0,11,2,1,1,2,7,74,4,34,6
3130,1964,3,18701,1,1,95,12,4,2,10,6,10,4,2,0,4,5,61,3,44,10
5513,1966,4,37758,1,1,49,27,2,10,0,0,1,2,1,0,3,8,59,4,40,6
2549,1983,4,21840,1,0,80,17,0,9,0,0,1,1,1,0,3,9,42,3,27,5
8566,1961,4,32583,1,1,10,5,0,3,0,0,1,1,1,0,2,7,64,4,9,4
5684,1971,1,44635,1,1,25,56,0,9,0,0,3,2,2,0,3,7,54,3,68,7
8334,1971,3,33316,1,1,34,79,1,31,4,4,12,3,2,1,4,6,54,3,131,10
78,1969,2,25293,1,0,51,15,0,11,0,2,9,1,1,1,2,8,56,3,37,5
1087,1975,4,22669,1,0,30,16,14,36,37,22,48,3,4,1,2,9,50,3,173,10
6859,1987,3,29236,1,0,30,37,4,24,16,9,9,2,4,0,3,9,38,2,99,9
9860,1959,4,44911,0,1,11,159,0,22,2,1,31,3,4,1,4,7,66,3,215,12
5866,1974,4,48186,1,0,39,97,3,66,12,7,34,3,4,1,4,7,51,3,219,12
10521,1977,2,54809,1,1,0,63,6,57,13,13,22,4,2,1,5,4,48,4,174,12
7393,1978,4,41580,1,1,15,56,5,24,4,0,3,3,2,1,3,5,47,4,92,9
9576,1982,4,32313,1,0,60,86,4,56,2,4,7,3,4,0,4,9,43,3,159,11
7419,1968,1,27071,1,0,90,8,3,19,0,2,3,2,2,0,3,6,57,2,35,7
10595,1990,2,30093,0,0,19,2,6,28,13,4,16,1,2,0,3,7,35,2,69,6
5010,1988,3,25008,1,0,72,2,8,8,6,1,9,2,1,0,3,8,37,2,34,6
11148,1975,4,22280,1,0,85,2,1,4,3,1,2,1,1,0,2,8,50,3,13,4
6710,1951,3,58217,2,1,84,68,1,13,3,5,13,1,2,0,4,6,74,4,103,7
5316,1976,4,21024,0,0,89,36,4,18,6,2,18,1,2,0,4,7,49,2,84,7
10241,1975,1,11448,0,0,16,0,0,0,6,2,6,1,1,0,2,6,50,1,14,4
4227,1968,4,32889,1,1,78,28,0,13,4,2,8,3,2,1,3,5,57,4,55,9
9467,1984,3,34738,1,0,51,3,2,10,3,0,2,1,1,0,3,6,41,2,20,5
3286,1967,1,26642,1,0,71,13,2,15,2,2,8,2,2,0,3,6,58,2,42,7
3722,1972,3,44503,1,1,83,31,1,8,0,0,8,2,2,0,3,6,53,3,48,7
4796,1952,1,49638,0,1,71,18,10,3,3,5,0,1,1,0,3,2,73,2,39,5
9612,1987,3,23830,0,0,3,1,8,6,4,8,16,1,1,0,3,7,38,1,43,5
8341,1969,2,30396,1,0,22,15,0,6,0,1,12,2,1,1,2,7,56,3,34,6
5180,1968,1,50616,0,1,56,128,0,16,0,1,4,2,4,0,4,7,57,2,149,10
7679,1985,3,30298,0,0,48,6,3,12,6,1,0,1,1,1,3,3,40,1,28,6
7505,1957,2,44155,1,1,24,22,1,9,0,0,14,1,1,1,2,4,68,4,46,5
5790,1985,2,31158,1,0,62,25,6,16,20,0,5,2,2,0,3,8,40,3,72,7
8462,1978,4,24882,1,0,52,1,4,10,29,0,36,1,1,1,2,6,47,3,80,5
10789,1964,2,45759,1,1,13,42,1,18,3,0,4,2,2,0,3,7,61,4,68,7
10779,1983,3,22148,0,0,16,15,5,14,0,4,11,1,1,0,3,7,42,1,49,5
2337,1971,1,29819,1,0,77,9,1,24,2,1,2,3,3,0,3,6,54,2,39,9
10680,1986,4,33235,1,0,71,45,0,16,2,1,6,1,3,0,3,7,39,3,70,7
3265,1959,2,35701,0,0,36,21,1,9,7,3,5,1,1,0,3,6,66,2,46,5
5623,1980,2,31535,1,0,95,15,4,13,0,0,19,1,1,1,2,7,45,3,51,5
2326,1990,2,18929,0,0,15,32,0,8,23,4,18,1,1,0,4,6,35,2,85,6
4385,1981,3,36038,1,0,82,23,0,15,0,2,7,2,3,0,3,6,44,2,47,8
2929,1976,3,20180,0,0,27,18,42,24,15,20,18,1,2,1,4,7,49,1,137,8
10686,1965,4,34230,1,1,72,15,0,4,0,0,2,1,1,0,2,7,60,4,21,4
2546,1977,3,31878,0,1,7,23,4,5,10,5,23,1,1,0,4,3,48,2,70,6
3112,1977,2,22701,1,0,2,2,4,9,0,4,5,1,1,0,3,5,48,3,24,5
5734,1974,2,61917,1,1,83,46,4,36,2,2,1,1,2,0,4,5,51,4,91,7
1458,1982,2,21059,1,0,40,8,3,19,3,3,8,3,3,0,3,6,43,3,44,9
7007,1968,2,29543,2,0,47,17,3,18,3,4,18,2,3,1,2,7,57,4,63,8
1403,1975,4,34984,1,1,40,8,4,15,3,5,3,2,1,0,3,7,50,4,38,6
9291,1959,2,34242,0,1,25,8,2,4,0,0,1,1,0,0,3,5,66,3,15,4
2478,1973,2,25410,1,0,48,2,2,4,13,13,4,1,1,0,4,4,52,3,38,6
5138,1950,4,28320,0,1,68,19,1,14,3,2,4,1,1,0,3,8,75,3,43,5
5393,1977,3,23763,1,0,64,22,0,6,6,2,6,1,1,0,3,7,48,2,42,5
5015,1976,2,34529,1,0,94,68,6,38,3,6,41,2,2,2,3,7,49,3,162,9
7842,1968,3,36065,1,1,54,18,7,34,10,2,3,3,3,0,3,8,57,3,74,9
9955,1954,4,39898,0,1,20,69,8,26,12,7,12,2,3,0,4,7,71,3,134,9
8514,1976,4,29478,1,0,59,8,0,7,3,1,1,1,1,0,3,6,49,3,20,5
7530,1950,5,56551,1,1,48,67,4,32,17,2,16,3,2,1,4,4,75,3,138,10
6355,1978,2,44359,1,1,19,20,0,14,7,3,1,3,2,0,4,3,47,4,45,9
3517,1952,3,40887,1,1,32,50,4,44,10,10,43,3,3,1,3,9,73,3,161,10
1158,1966,1,48877,0,1,27,102,1,15,2,0,24,1,3,0,4,7,59,2,144,8
4338,1983,3,39062,1,0,28,23,0,9,0,0,12,1,1,0,3,4,42,2,44,5
8360,1971,2,54690,1,1,76,111,16,37,7,9,18,3,3,1,5,3,54,4,198,12
4867,1968,3,38236,1,1,2,58,0,18,2,0,10,4,3,0,4,7,57,3,88,11
9289,1979,2,36781,1,0,16,29,1,17,0,3,13,1,2,1,2,8,46,3,63,6
10913,1984,3,31385,1,0,56,3,2,12,0,1,9,1,1,0,2,8,41,2,27,4
3032,1984,2,24570,1,0,97,28,34,62,11,14,44,3,4,0,4,9,41,3,193,11
8524,1974,1,25509,1,0,15,40,3,30,10,7,11,3,3,0,3,9,51,2,101,9
4470,1962,2,58646,0,1,3,62,1,44,6,5,22,1,2,1,4,4,63,3,140,8
8619,1957,4,21994,0,1,4,9,0,6,3,1,3,1,0,0,3,5,68,3,22,4
898,1986,2,23477,1,0,39,38,15,54,3,8,29,3,3,0,4,8,39,3,147,10
8212,1971,2,39791,0,1,89,85,15,27,13,13,21,2,3,1,4,7,54,3,174,10
4547,1960,4,13672,1,1,86,6,2,9,2,1,5,2,1,0,3,8,65,4,25,6
4860,1970,3,24206,1,0,66,7,2,8,3,2,3,1,1,0,3,6,55,2,25,5
10757,1967,1,28420,1,0,36,4,2,5,2,0,0,1,1,0,2,6,58,2,13,4
4023,1970,2,22979,1,0,29,16,17,19,20,21,22,3,3,2,2,8,55,3,115,10
6679,1966,3,33279,0,0,29,10,3,3,0,0,0,1,0,0,3,3,59,1,16,4
9923,1972,3,46423,1,1,6,68,0,16,0,0,8,3,2,0,4,7,53,3,92,9
7181,1977,2,30368,0,1,97,35,0,13,2,0,2,2,2,0,3,8,48,3,52,7
3657,1986,3,39146,1,0,1,94,1,33,13,12,12,3,4,0,4,8,39,2,165,11
4102,1975,2,37284,1,1,46,11,1,2,2,1,6,1,0,0,3,6,50,4,23,4
7042,1983,2,36790,0,0,14,3,3,14,15,21,10,1,2,1,2,9,42,2,66,6
10598,1967,4,27943,1,1,89,12,1,16,4,1,3,3,2,0,3,8,58,4,37,8
255,1951,1,22263,1,1,31,17,0,2,0,0,2,2,1,0,3,6,74,3,21,6
9829,1978,4,28587,1,0,42,22,4,17,12,10,13,3,2,0,4,6,47,3,78,9
6214,1982,2,43815,1,0,53,14,10,29,4,7,15,1,2,0,3,6,43,3,79,6
9423,1979,2,32765,1,0,49,13,3,17,7,3,3,2,2,0,4,5,46,3,46,8
4198,1965,4,29672,1,1,6,9,1,3,0,4,8,1,0,0,3,6,60,4,25,4
153,1953,1,23272,0,0,29,19,3,6,4,2,12,1,1,0,3,4,72,1,46,5
10001,1985,4,7500,1,0,98,5,17,17,13,14,34,4,2,1,3,9,40,3,100,10
8625,1976,2,17649,1,0,70,15,1,23,0,5,1,3,3,0,3,8,49,3,45,9
6568,1984,2,38680,1,0,97,11,0,36,15,5,12,1,2,0,3,7,41,3,79,6
8416,1981,2,29009,1,0,19,6,6,15,10,5,2,2,2,0,3,6,44,3,44,7
5454,1979,2,45057,1,0,80,37,0,7,3,0,3,1,2,0,3,5,46,3,50,6
5474,1970,3,43020,1,0,79,45,7,99,4,25,43,3,4,1,4,6,55,2,223,12
4268,1959,2,53154,0,1,50,129,0,21,0,1,7,1,3,1,4,4,66,3,158,9
626,1951,2,32871,1,1,28,22,2,12,0,2,5,1,1,0,3,4,74,4,43,5
10509,1955,3,36927,1,1,46,51,0,16,0,0,4,2,3,0,3,8,70,3,71,8
6382,1953,4,48794,1,1,97,25,0,11,3,0,15,1,1,0,3,4,72,4,54,5
6673,1965,3,23478,0,0,51,28,6,27,12,17,39,1,3,0,3,8,60,1,129,7
8775,1969,4,38361,1,0,74,39,0,56,20,8,14,3,3,1,3,7,56,3,137,10
322,1978,4,42554,1,1,93,29,1,11,0,0,0,2,2,0,3,4,47,4,41,7
6103,1948,2,42192,0,0,40,40,15,15,17,6,7,1,2,1,3,4,77,2,100,7
10500,1984,2,31761,1,0,96,19,1,20,16,14,28,2,3,0,4,5,41,3,98,9
1655,1979,4,34350,1,0,81,16,3,15,2,1,11,1,1,0,3,7,46,3,48,5
5517,1969,2,25293,1,0,51,15,0,11,0,2,9,1,1,1,2,8,56,3,37,5
6958,1977,2,27889,1,0,42,14,0,4,0,0,8,1,1,1,2,6,48,3,26,5
954,1960,5,22123,0,0,77,3,3,24,34,7,31,1,2,1,3,5,65,1,102,7
4643,1973,2,27803,1,0,40,8,26,46,38,9,49,2,3,0,4,8,52,3,176,9
6507,1980,3,30828,1,0,16,16,11,15,2,0,12,2,1,1,4,3,45,2,56,8
7901,1971,2,34109,0,1,39,9,1,5,2,1,4,1,0,0,3,4,54,3,22,4
2686,1969,4,22390,0,0,49,0,1,4,15,1,5,1,1,0,2,7,56,2,26,4
11031,1950,2,48699,1,1,90,26,1,10,2,0,1,1,1,0,3,5,75,4,40,5
1055,1976,2,53204,1,1,40,29,0,8,2,0,6,1,1,0,3,4,49,4,45,5
1241,1984,2,14796,1,0,1,13,3,8,7,4,16,2,1,0,3,9,41,3,51,6
5802,1972,2,14188,0,0,40,2,7,11,16,12,27,1,2,0,4,6,53,2,75,7
1407,1986,2,20425,1,0,5,4,12,5,3,16,17,2,2,0,3,7,39,3,57,7
6183,1962,2,58646,0,1,3,62,1,44,6,5,22,1,2,1,4,4,63,3,140,8
11091,1953,4,34587,1,1,68,7,2,9,2,0,2,2,1,0,3,4,72,4,22,6
3969,1974,4,43018,0,1,46,35,4,17,7,6,64,1,2,2,2,5,51,3,133,7
87,1981,2,27733,1,0,16,0,7,5,26,2,17,2,2,0,3,7,44,3,57,7
6147,1971,1,25818,1,0,51,5,2,8,2,2,9,1,0,1,2,7,54,2,28,4
8832,1976,4,37509,1,0,24,37,5,56,12,8,5,2,3,0,4,7,49,3,123,9
10067,1976,4,25176,1,1,79,4,0,4,0,0,5,1,1,0,2,7,49,4,13,4
7532,1980,2,43586,0,1,26,99,2,11,4,0,16,3,3,0,4,8,45,3,132,10
2115,1957,4,50116,1,1,68,54,0,10,0,0,2,2,1,0,4,5,68,4,66,7
3006,1976,1,30992,1,0,83,17,0,14,7,3,2,1,1,0,3,7,49,2,43,5
4973,1970,3,20587,1,0,39,2,3,6,4,1,9,1,1,1,2,7,55,2,25,5
2948,1954,1,62637,0,1,76,104,12,48,4,12,5,1,2,2,5,2,71,2,185,10
2715,1966,1,29435,1,1,11,70,3,37,4,2,64,4,3,2,2,9,59,3,180,11
10432,1974,1,19346,1,0,26,2,0,9,3,6,2,1,1,0,3,8,51,2,22,5
9216,1971,2,35788,1,1,34,23,2,11,3,1,4,2,2,0,3,6,54,4,44,7
7124,1968,1,36997,1,1,72,43,4,12,8,0,27,5,2,1,4,5,57,3,94,12
9727,1957,2,23539,0,0,13,4,24,11,16,1,25,1,2,0,4,6,68,2,81,7
1818,1971,4,29732,1,0,23,25,0,8,0,1,4,1,2,0,2,9,54,3,38,5
10609,1962,2,42769,0,1,15,71,0,13,3,1,0,2,1,1,4,4,63,3,88,8
6950,1958,2,49572,1,1,25,35,1,16,0,1,1,2,2,0,3,7,67,4,54,7
9481,1976,2,17148,1,0,80,9,9,11,13,10,16,4,3,1,3,8,49,3,68,11
2711,1976,4,30560,1,0,6,9,1,5,4,5,7,1,1,0,3,7,49,3,31,5
8933,1983,2,32146,1,0,16,26,3,23,4,7,3,2,2,0,4,6,42,3,66,8
8726,1964,1,41713,1,1,57,77,8,44,10,10,25,5,3,1,4,6,61,3,174,13
1515,1975,4,34176,0,1,9,11,2,7,4,2,2,1,1,0,3,3,50,3,28,5
7600,1992,3,15253,1,0,13,1,3,3,8,1,13,2,1,0,3,7,33,2,29,6
9706,1974,3,31560,1,0,98,62,1,20,4,0,7,2,2,1,3,8,51,2,94,8
4548,1981,3,41967,1,1,66,23,4,10,0,2,15,1,1,0,3,4,44,3,54,5
1321,1974,2,26067,1,0,49,22,2,18,0,2,12,3,3,0,3,8,51,3,56,9
11187,1978,3,26487,1,0,23,2,8,10,12,14,23,3,2,1,3,5,47,2,69,9
8207,1957,2,53233,0,1,18,28,0,9,3,0,0,1,1,0,3,4,68,3,40,5
1646,1972,2,25224,1,0,36,4,9,12,11,2,8,2,1,1,3,3,53,3,46,7
2656,1971,1,40851,1,1,63,23,1,7,0,4,24,1,1,1,2,7,54,3,59,5
7990,1947,2,27469,0,0,2,9,1,2,3,2,0,1,0,0,3,6,78,2,17,4
2980,1952,3,8820,1,1,52,12,0,13,4,2,4,4,3,0,3,8,73,3,35,10
1839,1974,3,43322,0,0,25,56,7,48,10,2,18,1,3,0,4,7,51,1,141,8
9014,1975,2,37085,1,1,65,39,1,16,2,0,3,4,3,0,3,8,50,4,61,10
7620,1990,3,16185,1,0,71,5,11,16,21,8,45,2,2,2,2,8,35,2,106,8
1876,1990,2,18929,0,0,15,32,0,8,23,4,18,1,1,0,4,6,35,2,85,6
5959,1968,3,35893,1,1,80,158,0,23,0,0,18,6,3,1,5,8,57,3,199,15
4333,1954,4,32144,1,1,76,41,0,10,0,0,3,4,2,1,3,7,71,4,54,10
3850,1963,4,14918,0,1,52,3,3,3,15,4,15,1,1,0,3,6,62,3,43,5
6168,1963,1,45146,1,1,28,33,0,5,0,0,15,2,1,1,2,4,62,3,53,6
6983,1950,1,38054,1,1,24,23,2,17,2,1,0,2,2,0,3,7,75,3,45,7
692,1954,4,36807,1,1,88,4,2,5,0,0,5,1,1,0,2,6,71,4,16,4
736,1983,4,28427,1,0,67,18,3,19,3,3,6,2,2,0,3,8,42,3,52,7
4838,1978,4,22775,1,0,40,5,1,8,0,0,1,1,1,0,2,8,47,3,15,4
10659,1979,4,7500,1,0,7,2,8,11,3,8,21,4,3,2,2,7,46,3,53,11
10084,1972,2,24434,2,0,9,3,2,8,20,0,17,2,2,1,2,7,53,4,50,7
7004,1984,3,11012,1,0,82,24,3,26,7,1,23,3,3,1,2,9,41,2,84,9
8080,1986,3,26816,0,0,50,5,1,6,3,4,3,1,0,0,3,4,39,1,22,4
8372,1974,2,34421,1,0,81,3,3,7,6,2,9,1,1,0,2,7,51,3,30,4
9405,1954,2,52869,1,1,40,84,3,61,2,1,21,3,3,1,4,7,71,4,172,11
